taxon	lfc_(Intercept)	lfc_EthnicityChinese	lfc_GenderMale	se_(Intercept)	se_EthnicityChinese	se_GenderMale	W_(Intercept)	W_EthnicityChinese	W_GenderMale	p_(Intercept)	p_EthnicityChinese	p_GenderMale	q_(Intercept)	q_EthnicityChinese	q_GenderMale	diff_(Intercept)	diff_EthnicityChinese	diff_GenderMale	passed_ss_(Intercept)	passed_ss_EthnicityChinese	passed_ss_GenderMale	diff_robust_(Intercept)	diff_robust_EthnicityChinese	diff_robust_GenderMale
aerofaciens_Collinsella	-0.16438966929521	0.3211153020608	0.0341811660311934	0.141551350176045	0.176823233616121	0.174603409380625	-1.16134299736993	1.81602437357262	0.195764596765007	0.247846292082451	0.0719055064694294	0.845131138716572	1	1	1	FALSE	FALSE	FALSE	TRUE	TRUE	TRUE	FALSE	FALSE	FALSE
bacterium_Erysipelotrichaceae UCG-003	0.0607112590977342	0.0693905395636406	-0.221467255277801	0.107560382485202	0.153347002657821	0.163157483669377	0.564438854669255	0.452506657195503	-1.35738337155642	0.573526859449878	0.651734852529681	0.17724988566959	1	1	1	FALSE	FALSE	FALSE	TRUE	TRUE	TRUE	FALSE	FALSE	FALSE
bacterium_Lachnospiraceae NK4A136 group	0.069885243484955	-0.00885913106189877	-0.139106119819441	0.0792171530999228	0.110866417507812	0.11923377633297	0.882198371819842	-0.0799081566902305	-1.16666706446482	0.381891188174574	0.936629280083692	0.248879240771721	1	1	1	FALSE	FALSE	FALSE	TRUE	TRUE	TRUE	FALSE	FALSE	FALSE
Intestinibacter	0.473644829685517	-0.727920172278718	-0.270561592177455	0.128968980810352	0.150791763087101	0.147119672005177	3.67254844311757	-4.82732052053967	-1.83905788049836	0.000603272315999546	1.44779823948222e-05	0.0720968494063425	0.0748057671839437	0.00199796157048546	1	FALSE	TRUE	FALSE	TRUE	FALSE	TRUE	FALSE	FALSE	FALSE
bicirculans_Ruminococcus	0.27758066676122	-0.0380086219946358	-0.447284180578135	0.1330544890264	0.163240982010894	0.166141462732817	2.08621797575085	-0.232837499054614	-2.692188772272	0.0413664535124184	0.816707315511016	0.00926254673273862	1	1	1	FALSE	FALSE	FALSE	TRUE	TRUE	TRUE	FALSE	FALSE	FALSE
bifidum_Bifidobacterium	0.00010010377476734	-0.0224746795186422	0.0105607509502114	0.0683728920593715	0.0988524035823625	0.112008702459763	0.00146408571807106	-0.227355923621185	0.0942850931962649	0.9988511231135	0.823216708532722	0.926130630826088	1	1	1	FALSE	FALSE	FALSE	TRUE	TRUE	TRUE	FALSE	FALSE	FALSE
bromii_Ruminococcus	-0.0332782227777309	0.163516878431748	-0.0601744780252139	0.113281156783067	0.141623183590719	0.147925820008679	-0.293766622117557	1.15459117840692	-0.406788199799626	0.76984434868497	0.252359414767162	0.685460142310119	1	1	1	FALSE	FALSE	FALSE	TRUE	TRUE	TRUE	FALSE	FALSE	FALSE
caccae_Bacteroides	-0.274112552243571	0.370581414546788	0.202399620030569	0.130007762969958	0.17296031666921	0.173975936298329	-2.10843218882947	2.14258057387541	1.16337709879314	0.0373727850465253	0.0344574082618806	0.24731351468576	1	1	1	FALSE	FALSE	FALSE	TRUE	TRUE	TRUE	FALSE	FALSE	FALSE
callidus_Ruminococcus	0.0825381823959881	-0.0099498016269717	0.0266594555709702	0.0742495249409494	0.105778959841196	0.117516646337527	1.11163246447207	-0.0940621995329613	0.226856844556302	0.2760970959929	0.925754318404136	0.822243917546495	1	1	1	FALSE	FALSE	FALSE	TRUE	TRUE	TRUE	FALSE	FALSE	FALSE
catus_Coprococcus	-0.0151782887076924	0.131664360457433	-0.127126698914244	0.083590043050197	0.115985918539468	0.123942300217854	-0.181580103967379	1.13517539124915	-1.02569258994542	0.856295105751464	0.259128122339793	0.30761408384801	1	1	1	FALSE	FALSE	FALSE	TRUE	TRUE	TRUE	FALSE	FALSE	FALSE
comes_Coprococcus	-0.0260486164479439	0.0519769806271522	0.0931780456655842	0.0919417404194627	0.131260979234326	0.140841447069413	-0.283316547295093	0.395981966082726	0.661581143934582	0.777452586910326	0.692865014397989	0.50958649625803	1	1	1	FALSE	FALSE	FALSE	TRUE	TRUE	TRUE	FALSE	FALSE	FALSE
copri_Prevotella_9	1.03751988850066	-0.562249248914161	-1.17948394797748	0.0851974301839956	0.116252634122978	0.127738505300996	12.1778307897315	-4.83644308927559	-9.23358188040641	2.0201017586284e-10	0.000114675750555193	1.87117134083231e-08	2.84834347966604e-08	0.015481226324951	2.65706330398188e-06	TRUE	TRUE	TRUE	FALSE	FALSE	FALSE	FALSE	FALSE	FALSE
coprocola_Bacteroides	0.348506653980804	-0.155328729373118	-0.410586628581861	0.0797710753308565	0.115993619562524	0.12989636960187	4.3688348506692	-1.33911442680164	-3.16087839745099	0.000224524396132243	0.193618335079604	0.00436788393063785	0.0289636471010593	1	0.537249723468455	TRUE	FALSE	FALSE	FALSE	TRUE	TRUE	FALSE	FALSE	FALSE
dispar_Veillonella	-0.206114942666211	0.363515655734382	-0.185908401569989	0.0714825747296624	0.110817909955859	0.120856615525349	-2.88342919159963	3.28029698339535	-1.53825589738607	0.0103184555048166	0.00441385000193268	0.142390724233912	1	0.498765050218393	1	FALSE	FALSE	FALSE	TRUE	TRUE	TRUE	FALSE	FALSE	FALSE
distasonis_Parabacteroides	-0.066381737814428	0.0149735467404473	0.125823011847168	0.154865836560413	0.184959565576826	0.186844445141891	-0.4286402946497	0.0809557845453942	0.673410503328674	0.668940887040906	0.935609772887381	0.501959900269693	1	1	1	FALSE	FALSE	FALSE	TRUE	TRUE	TRUE	FALSE	FALSE	FALSE
edouardi_Lachnoclostridium	-0.107019864934094	0.145167484461641	0.108451844751715	0.111131800265575	0.142535555120184	0.14449745062257	-0.962999471603499	1.01846507237606	0.750545039268499	0.337452663049984	0.310472441221374	0.454371636873441	1	1	1	FALSE	FALSE	FALSE	TRUE	TRUE	TRUE	FALSE	FALSE	FALSE
eggerthii_Bacteroides	-0.894903244341817	1.06045011495449	0.187538817069854	0.0901963280786221	0.129095799344889	0.143379138919472	-9.92172589954826	8.21444323003432	1.30799235148974	3.19524039475001e-12	4.90918303822013e-10	0.198533353186544	4.53724136054502e-10	6.97103991427258e-08	1	TRUE	TRUE	FALSE	FALSE	FALSE	TRUE	FALSE	FALSE	FALSE
equolifaciens_Adlercreutzia	0.119028729410821	-0.191440379950974	-0.0288526057409297	0.0845523950913233	0.111189397384583	0.119201292012556	1.40775112617757	-1.72175031481481	-0.242049438003495	0.171518283160089	0.0974676989804759	0.810716425814278	1	1	1	FALSE	FALSE	FALSE	TRUE	TRUE	TRUE	FALSE	FALSE	FALSE
eutactus_Coprococcus	-0.0810026164792131	0.501099576090871	-0.278768621588497	0.118321597603759	0.14144144037068	0.144111379219276	-0.684597048380621	3.5428059469532	-1.93439701360661	0.497109239752294	0.000935542207778567	0.0593667158219622	1	0.116942775972321	1	FALSE	FALSE	FALSE	TRUE	TRUE	TRUE	FALSE	FALSE	FALSE
excrementihominis_Parasutterella	-0.350552591570864	0.439264865063371	0.275234062749327	0.09553200552715	0.131565118234428	0.138946148754343	-3.66947798946017	3.33876388330128	1.98086859705584	0.000653272958399321	0.00172071854931098	0.0538781704892425	0.0803525738831164	0.206486225917317	1	FALSE	FALSE	FALSE	TRUE	TRUE	TRUE	FALSE	FALSE	FALSE
faecis_Blautia	-0.0076765058349153	0.0215600584115316	-0.0773382681966154	0.119966626122606	0.151766350562712	0.15850269546413	-0.0639886782101374	0.142060860866669	-0.487930302826411	0.949079064466386	0.887255292966966	0.626433956442967	1	1	1	FALSE	FALSE	FALSE	TRUE	TRUE	TRUE	FALSE	FALSE	FALSE
faecium_Phascolarctobacterium	-0.186111283971371	-0.127568647236131	0.618041523045792	0.164281077172607	0.199997666906707	0.211565681846653	-1.13288327039533	-0.637850677006336	2.9212749329249	0.260448760695174	0.525285507607604	0.00446376458851476	1	1	0.540115515210286	FALSE	FALSE	FALSE	TRUE	TRUE	TRUE	FALSE	FALSE	FALSE
filiformis_Holdemania	0.190833270315951	-0.290420520592802	-0.2535440067274	0.0653480590071112	0.103227941228615	0.117012246537899	2.92025919691332	-2.81339061049003	-2.16681598917324	0.00770016964534323	0.00986168204007315	0.0408533302197032	0.862419000278442	1	1	FALSE	FALSE	FALSE	TRUE	TRUE	TRUE	FALSE	FALSE	FALSE
finegoldii_Alistipes	-0.0745858754115361	0.356692657904521	-0.201161338651752	0.0750003714034551	0.115017727672716	0.125959935263785	-0.994473414142321	3.10119722517467	-1.59702637374718	0.326122861115127	0.00357315675123154	0.118331964797365	1	0.410913026391627	1	FALSE	FALSE	FALSE	TRUE	TRUE	TRUE	FALSE	FALSE	FALSE
finegoldii_Bacteroides	0.144387281371325	-0.200393735279005	0.00562972900065434	0.0611340184243173	0.0984126725896693	0.113845599410941	2.36181564851776	-2.03625945730124	0.0494505631292176	0.0321311139308585	0.0597802378059433	0.961212692231751	1	1	1	FALSE	FALSE	FALSE	TRUE	TRUE	TRUE	FALSE	FALSE	FALSE
formicigenerans_Dorea	-0.106396012314399	0.162820513097726	0.0435630346802859	0.0957442149191291	0.129484678932571	0.134588635673342	-1.11125264752828	1.25745002760145	0.323675431156141	0.268699786646509	0.211052883571069	0.746751924275058	1	1	1	FALSE	FALSE	FALSE	TRUE	TRUE	TRUE	FALSE	FALSE	FALSE
fragilis_Bacteroides	-0.0915274425692062	-0.0346170389894246	0.00982163025094398	0.0855022500209426	0.113883993154163	0.124647369541498	-1.07046823383932	-0.303967555322405	0.0787953270660408	0.294635086319552	0.763668232917342	0.937822737963756	1	1	1	FALSE	FALSE	FALSE	TRUE	TRUE	TRUE	FALSE	FALSE	FALSE
funiformis_Megamonas	0.533257517856606	-0.474375248178961	-0.449964270687642	0.0945035892901018	0.120688110496263	0.127491559426454	5.64272237554536	-3.93058807722116	-3.52936518081586	2.36168895662627e-05	0.00098027191155372	0.00239529451514102	0.00318828009144547	0.121553717032661	0.308992992453192	TRUE	FALSE	FALSE	FALSE	TRUE	TRUE	FALSE	FALSE	FALSE
hadrus_Anaerostipes	0.112787737574259	-0.156893156871537	-0.0707110128198606	0.130001678459064	0.152922936039528	0.155405625850991	0.867586779733572	-1.02596223257826	-0.455009350096893	0.387195071949418	0.306785826771137	0.64984998623553	1	1	1	FALSE	FALSE	FALSE	TRUE	TRUE	TRUE	FALSE	FALSE	FALSE
hominis_Roseburia	0.106280665938538	-0.100780094152222	-0.0404765348288653	0.0865302664258896	0.112796867785431	0.118731031821932	1.22824845373109	-0.893465360615616	-0.340909484300368	0.22458389113648	0.375500970035068	0.734470594214645	1	1	1	FALSE	FALSE	FALSE	TRUE	TRUE	TRUE	FALSE	FALSE	FALSE
indistinctus_Alistipes	0.296396456123775	-0.39252038480012	0.000536987710414404	0.0834179814052523	0.123690039897364	0.137929441078748	3.55314826768408	-3.17341950189221	0.00389320587551588	0.00105981167876972	0.00302902972800905	0.996914594569169	0.128237213131136	0.351367448449049	1	FALSE	FALSE	FALSE	TRUE	TRUE	TRUE	FALSE	FALSE	FALSE
inops_Alistipes	0.124072605601597	-0.409896337144462	0.245825347378431	0.0808420617899855	0.110760287712876	0.123094787883187	1.53475310815201	-3.70075182728884	1.99704107384068	0.148816716056113	0.00266622039720976	0.0671953753375834	1	0.314614006870752	1	FALSE	FALSE	FALSE	TRUE	TRUE	TRUE	FALSE	FALSE	FALSE
intestinalis_Roseburia	-0.0781163221183283	0.0270916053802091	0.0751204426270211	0.0911801426650614	0.127312309509776	0.137858650576166	-0.856725157858972	0.21279643331055	0.54490916828986	0.396576692826069	0.83254025911207	0.588767980338697	1	1	1	FALSE	FALSE	FALSE	TRUE	TRUE	TRUE	FALSE	FALSE	FALSE
Acidaminococcus	0.0933983603651185	0.0484219842562693	-0.192379974074312	0.0703088432818516	0.113537856985166	0.127276864007279	1.3284013220173	0.426483162022301	-1.51150781074642	0.201604042199438	0.675107419182671	0.149024762379337	1	1	1	FALSE	FALSE	FALSE	TRUE	TRUE	TRUE	FALSE	FALSE	FALSE
intestinihominis_Barnesiella	-0.362275204443546	0.892481619552292	-0.298205202554344	0.0873548008802558	0.133814993608496	0.147050163565508	-4.14716994135383	6.66951882958223	-2.02791479671832	0.000421186008427421	1.05041540362453e-06	0.0548494451722398	0.053069437061855	0.000148108571911058	1	FALSE	TRUE	FALSE	TRUE	FALSE	TRUE	FALSE	FALSE	FALSE
inulinivorans_Roseburia	0.138515338016166	-0.200604641582141	-0.0689259632550953	0.11833882002052	0.152605459212383	0.160138324377415	1.17049788051079	-1.31453122724107	-0.430415164658837	0.24475958890141	0.191865871745737	0.667878909565101	1	1	1	FALSE	FALSE	FALSE	TRUE	TRUE	TRUE	FALSE	FALSE	FALSE
invisus_Dialister	-0.317438668393617	0.381599403092136	0.451080563070619	0.129162641570486	0.153306007511009	0.150408893689918	-2.4576662766717	2.48913535279909	2.99902852819703	0.0194066170596197	0.0180230664453629	0.00511987958062545	1	1	0.609265670094428	FALSE	FALSE	FALSE	TRUE	TRUE	TRUE	FALSE	FALSE	FALSE
Slackia	-0.122868590958754	0.0792821465333494	0.587664010545439	0.0882979655146396	0.114543458401084	0.123973214117308	-1.39152233284902	0.692157785700306	4.74024985743589	0.175859339143681	0.494973868133989	6.67170010496245e-05	1	1	0.00927366314589781	FALSE	FALSE	TRUE	TRUE	TRUE	FALSE	FALSE	FALSE	FALSE
Eggerthella	-0.281077592562864	0.0675171990653425	0.0903941124983925	0.0712268937644019	0.104848550203278	0.119420833263017	-3.94622842170526	0.643949763105371	0.756937546226169	0.000866327761250165	0.527305711372102	0.458371763101246	0.10569198687252	1	1	FALSE	FALSE	FALSE	TRUE	TRUE	TRUE	FALSE	FALSE	FALSE
longicatena_Dorea	0.00894538822384914	0.00873934488721352	0.0283828267437872	0.104151475538389	0.144180215057853	0.148166686954655	0.0858882524477725	0.0606140369793929	0.191560109273912	0.931682501462664	0.951756235330518	0.848374609706054	1	1	1	FALSE	FALSE	FALSE	TRUE	TRUE	TRUE	FALSE	FALSE	FALSE
longum_Bifidobacterium	-0.074346050201523	0.185080344407656	-0.131851819303169	0.163536591594058	0.18092902961883	0.172395606165499	-0.454614159906609	1.02294443737178	-0.76482122854449	0.650519154186384	0.309170142163205	0.446447655261798	1	1	1	FALSE	FALSE	FALSE	TRUE	TRUE	TRUE	FALSE	FALSE	FALSE
massiliensis_Bacteroides	-0.028703928637981	-0.00902092701576259	0.195220179588995	0.111335293086265	0.150489031717981	0.158687419787586	-0.257815180095143	-0.0599440830522981	1.2302183742751	0.797389859153096	0.952389919752511	0.223189302316768	1	1	1	FALSE	FALSE	FALSE	TRUE	TRUE	TRUE	FALSE	FALSE	FALSE
massiliensis_Blautia	-0.0843970100950191	0.156438898764702	0.004247832177977	0.130377021406485	0.153636716824107	0.150739437829972	-0.647330405193789	1.01823901212236	0.0281799656355915	0.518517370481591	0.310385722379475	0.977560231265209	1	1	1	FALSE	FALSE	FALSE	TRUE	TRUE	TRUE	FALSE	FALSE	FALSE
massiliensis_Colidextribacter	0.0630699776343939	-0.251183073477621	0.492947028153358	0.0635938486438235	0.0962202952149434	0.109882639425576	0.9917622376912	-2.61049992536929	4.48612292833786	0.337043357528267	0.0196830919203688	0.000435172739878968	1	1	0.0574428016640238	FALSE	FALSE	FALSE	TRUE	TRUE	TRUE	FALSE	FALSE	FALSE
merdae_Parabacteroides	-0.311367780678965	0.245232607542984	0.509581623780351	0.122960219805699	0.162430220992854	0.165237286894389	-2.53226434672113	1.50977204884658	3.08393845818862	0.0129048233610908	0.134286719172843	0.00264751041626567	1	1	0.338881333282006	FALSE	FALSE	FALSE	TRUE	TRUE	TRUE	FALSE	FALSE	FALSE
muciniphila_Akkermansia	-0.319906219519997	0.456932939052031	0.16482395323287	0.161661120234904	0.201042777322958	0.217450393496522	-1.9788692485562	2.27281449817024	0.757984157133778	0.0517102120597088	0.0260661240543945	0.450969081910459	1	1	1	FALSE	FALSE	FALSE	TRUE	TRUE	TRUE	FALSE	FALSE	FALSE
obesi_Alistipes	-0.170446843060897	0.516923756946018	-0.185104503665931	0.104760008657228	0.131936118262666	0.13431857038371	-1.62702204062042	3.91798518671663	-1.37810060914987	0.109895972020178	0.000266617617834614	0.174188721704342	1	0.0346602903184999	1	FALSE	TRUE	FALSE	TRUE	FALSE	TRUE	FALSE	FALSE	FALSE
obeum_Blautia	-0.03649448755211	0.0334981515811879	0.0531727754834476	0.120100454312838	0.154794003987545	0.161497089625204	-0.303866357216677	0.216404710248876	0.329249125212403	0.761726989988842	0.829019514333972	0.74250975742151	1	1	1	FALSE	FALSE	FALSE	TRUE	TRUE	TRUE	FALSE	FALSE	FALSE
ovatus_Bacteroides	-0.0629678140858604	0.0312669166583232	-0.0608683892352707	0.0944393925188715	0.117442506804951	0.122126786685838	-0.666753696803776	0.266231686541326	-0.49840326505806	0.508957902633394	0.791500082860865	0.621072505104012	1	1	1	FALSE	FALSE	FALSE	TRUE	TRUE	TRUE	FALSE	FALSE	FALSE
pectinilyticus_Monoglobus	-0.260458355479102	0.449018718523828	0.0773432241432521	0.0701364882951172	0.108555921449903	0.11943298964932	-3.71359276476969	4.13628950430903	0.647586771212441	0.0014733718578478	0.000561264510783413	0.525000645147232	0.176804622941736	0.07071932835871	1	FALSE	FALSE	FALSE	TRUE	TRUE	TRUE	FALSE	FALSE	FALSE
pectinoschiza_Lachnospira	0.207140975420926	-0.374901490289735	0.0761247887989853	0.118202810480144	0.171432807217132	0.174139948212701	1.7524200531232	-2.18687132513029	0.437147188685295	0.082438268834693	0.0308313042206277	0.662846326365633	1	1	1	FALSE	FALSE	FALSE	TRUE	TRUE	TRUE	FALSE	FALSE	FALSE
Flavonifractor	-0.0576310800351465	-0.0960928798097572	-0.020842456762796	0.088026445749745	0.121984670695972	0.131842970236151	-0.654701885828594	-0.787745536070297	-0.158085461253368	0.515388447779262	0.434227451728447	0.874968452155493	1	1	1	FALSE	FALSE	FALSE	TRUE	TRUE	TRUE	FALSE	FALSE	FALSE
plebeius_Bacteroides	0.333938928778982	-0.447473641279397	0.0340333295260472	0.161621120258346	0.184647224914955	0.187586920918248	2.06618372800035	-2.42339759769201	0.18142698520479	0.0448685240286265	0.0196582001158414	0.856884952082348	1	1	1	FALSE	FALSE	FALSE	TRUE	TRUE	TRUE	FALSE	FALSE	FALSE
prausnitzii_Faecalibacterium	0.0540908204963602	0.0374029111082916	-0.179349437976578	0.164293528129358	0.179496175544576	0.166784805178988	0.329232813442118	0.208377203552189	-1.07533439742371	0.74243593669536	0.835215263023052	0.283940246672269	1	1	1	FALSE	FALSE	FALSE	TRUE	TRUE	TRUE	FALSE	FALSE	FALSE
putredinis_Alistipes	-0.153315851837593	0.329761345525585	0.0144537617117348	0.147786361520361	0.181196779359305	0.182957975505472	-1.03741543035736	1.8199073222581	0.0790004462598709	0.301796951871505	0.0714679577879957	0.937174512961922	1	1	1	FALSE	FALSE	FALSE	TRUE	TRUE	TRUE	FALSE	FALSE	FALSE
ramosum_Erysipelatoclostridium	0.276969710561398	-0.634061017436176	-0.478484695533045	0.0807971123221721	0.110026948876554	0.120310481484967	3.42796546313441	-5.76277924554254	-3.97708237575987	0.00320758949424033	2.29695301676707e-05	0.000974417045067545	0.372080381331878	0.00314682563297088	0.127648632903848	FALSE	TRUE	FALSE	TRUE	FALSE	TRUE	FALSE	FALSE	FALSE
Fusicatenibacter	0.0660826599734275	-0.103756635101871	0.0105026303748342	0.109984877522082	0.140637225887973	0.140993519394774	0.600834055210544	-0.737760820058552	0.0744901639445388	0.548908351621	0.46187722311906	0.940725201335813	1	1	1	FALSE	FALSE	FALSE	TRUE	TRUE	TRUE	FALSE	FALSE	FALSE
Turicibacter	0.379481508149991	-0.579517651191282	-0.0419080152699511	0.0695692096792204	0.110421828660808	0.122385531044272	5.45473363719033	-5.24821639180996	-0.342426224018192	4.28090481435071e-05	6.54086324539619e-05	0.736227359761096	0.00565079435494293	0.00889557401373882	1	TRUE	TRUE	FALSE	FALSE	FALSE	TRUE	FALSE	FALSE	FALSE
shahii_Alistipes	0.265776316245673	-0.112670202336819	-0.507260259152689	0.0792284509372797	0.117275854922342	0.129807015440113	3.35455651475594	-0.960728040835238	-3.90780311397511	0.00164451226914963	0.341938975858266	0.000317458035923141	0.194052447759656	1	0.0425393768137009	FALSE	FALSE	TRUE	TRUE	TRUE	FALSE	FALSE	FALSE	FALSE
Odoribacter	0.0153944404707357	0.244212281737242	-0.26579859865795	0.106393566822005	0.139254534182427	0.145000361165646	0.144693339367881	1.75371152667329	-1.83308921799379	0.885269507277188	0.0828102952299178	0.070023375293133	1	1	1	FALSE	FALSE	FALSE	TRUE	TRUE	TRUE	FALSE	FALSE	FALSE
stercoris_Bacteroides	-0.0317849395754684	0.0396889795093369	0.0907582048673913	0.105522679613902	0.141935318438544	0.149584071943746	-0.301214295275352	0.27962722700708	0.60673709231236	0.764095863642703	0.780543622360455	0.545882435602943	1	1	1	FALSE	FALSE	FALSE	TRUE	TRUE	TRUE	FALSE	FALSE	FALSE
stercoris_Blautia	0.0877944907884943	-0.210161979966626	0.00636448599849727	0.0776798970218294	0.108295637124925	0.118008514722286	1.13020864025891	-1.94063201017224	0.0539324303290746	0.268328873394183	0.0628109029332855	0.957386084613776	1	1	1	FALSE	FALSE	FALSE	TRUE	TRUE	TRUE	FALSE	FALSE	FALSE
thetaiotaomicron_Bacteroides	-0.217304018506074	0.164762618688055	0.290964835155386	0.112324307469409	0.153494312602729	0.155531042550464	-1.93461258210077	1.07341188018146	1.87078303073149	0.0554729151853247	0.285314256876685	0.0638951744259763	1	1	1	FALSE	FALSE	FALSE	TRUE	TRUE	TRUE	FALSE	FALSE	FALSE
uniformis_Bacteroides	-0.163170134713671	0.115441236004724	0.215574799665714	0.170924029590705	0.207308042945771	0.203480566226183	-0.954635431334013	0.55685845259232	1.05943679862817	0.34135088149149	0.578482625156916	0.291162514676375	1	1	1	FALSE	FALSE	FALSE	TRUE	TRUE	TRUE	FALSE	FALSE	FALSE
[Eubacterium] eligens group	0.122010331173387	-0.154146380932462	-0.0344053881070431	0.111007240454317	0.154442100578237	0.163173967196097	1.09912047785386	-0.998085239421971	-0.210850962921652	0.274552734310859	0.320827891696759	0.833464886214355	1	1	1	FALSE	FALSE	FALSE	TRUE	TRUE	TRUE	FALSE	FALSE	FALSE
[Eubacterium] hallii group	-0.0387322908244191	0.111564195615888	-0.0438351264714059	0.103038589421552	0.137003858880231	0.142284238884082	-0.375900825524284	0.814314257479549	-0.308081392677078	0.707540015523968	0.41680028194115	0.758462520586932	1	1	1	FALSE	FALSE	FALSE	TRUE	TRUE	TRUE	FALSE	FALSE	FALSE
[Eubacterium] ruminantium group	0.359385458835321	-0.296317509163757	-0.0924916801438196	0.0797123939021249	0.118285058582018	0.131119142692321	4.50852673270098	-2.50511360197107	-0.705401806667218	8.23812365481429e-05	0.0175256274765182	0.48566378605864	0.0107919419878067	1	1	TRUE	FALSE	FALSE	FALSE	TRUE	TRUE	FALSE	FALSE	FALSE
[Eubacterium] siraeum group	0.0118140285780655	0.456493712007281	-0.402799654819291	0.104370183506491	0.134617674391409	0.143445112550976	0.113193521187311	3.39103846557322	-2.80804028562595	0.91032153550918	0.00135192646932894	0.00704597208982628	1	0.163583102788802	0.824378734509674	FALSE	FALSE	FALSE	TRUE	TRUE	TRUE	FALSE	FALSE	FALSE
[Eubacterium] ventriosum group	-0.205443857940736	0.241761158806907	0.177750816920633	0.109512775673447	0.142214609613102	0.148775534114385	-1.87598073993982	1.69997414094533	1.19475838536711	0.0641312325990714	0.0928359436933366	0.235543999721532	1	1	1	FALSE	FALSE	FALSE	TRUE	TRUE	TRUE	FALSE	FALSE	FALSE
[Eubacterium] xylanophilum group	0.0101563311429428	0.145227549167743	-0.111308695670732	0.076355552778137	0.104314482144715	0.11408903610661	0.133013654847784	1.39220888779632	-0.975630082164247	0.894923325099587	0.17240026759046	0.335758499611422	1	1	1	FALSE	FALSE	FALSE	TRUE	TRUE	TRUE	FALSE	FALSE	FALSE
[Ruminococcus] gauvreauii group	0.000483337577649017	-0.014690308745818	0.047089155140311	0.117602596759015	0.137821516584883	0.139293019785329	0.00410992266301269	-0.106589370874978	0.33805825455491	0.996731534437515	0.915395609844688	0.736251349237948	1	1	1	FALSE	FALSE	FALSE	TRUE	TRUE	TRUE	FALSE	FALSE	FALSE
[Ruminococcus] gnavus group	0.0647174784675336	-0.328463847238186	-0.165114224931157	0.109483854494647	0.130584358249481	0.133204089282224	0.59111435897334	-2.51533837315076	-1.2395582284364	0.557854466318345	0.0161221310997909	0.222546224473499	1	1	1	FALSE	FALSE	FALSE	TRUE	TRUE	TRUE	FALSE	FALSE	FALSE
[Ruminococcus] torques group	-0.095772943379292	0.16806549540699	-0.00723389311540846	0.132541455266504	0.170374159418891	0.1715426962778	-0.722588590767464	0.986449447382303	-0.042169636320125	0.471129488094077	0.325602328864723	0.966423124151883	1	1	1	FALSE	FALSE	FALSE	TRUE	TRUE	TRUE	FALSE	FALSE	FALSE
Agathobacter	-0.0513835237641141	0.0966230849041492	-0.00602118882349519	0.129856969813725	0.177308936085735	0.184443911834397	-0.395693229541871	0.544941992418413	-0.0326450939128926	0.692921065237907	0.586642289629434	0.974003130020403	1	1	1	FALSE	FALSE	FALSE	TRUE	TRUE	TRUE	FALSE	FALSE	FALSE
Unknown_Akkermansia	-0.250797380659649	0.0334273315063978	0.531379976515188	0.073514343996356	0.108916724644743	0.123191308754217	-3.41154347608788	0.306907241430815	4.31345345616354	0.00160963975760084	0.760682258892168	0.000119612566251866	0.1915471311545	1	0.0165065341427575	FALSE	FALSE	TRUE	TRUE	TRUE	FALSE	FALSE	FALSE	FALSE
Unknown_Alistipes	-0.0286627796481309	0.0413490700009785	0.101880332728808	0.17344609249055	0.210577244284039	0.217372610737816	-0.165254686551631	0.196360580847969	0.468689833475345	0.869033671917171	0.844674527841107	0.640178585528693	1	1	1	FALSE	FALSE	FALSE	TRUE	TRUE	TRUE	FALSE	FALSE	FALSE
Unknown_Anaerostipes	-0.151640523554322	0.274251386600558	-0.192632683082047	0.0942890205771881	0.114206201410987	0.118728390450793	-1.6082521870103	2.4013703565328	-1.62246521114833	0.114338550238405	0.0202552544380215	0.11125450916948	1	1	1	FALSE	FALSE	FALSE	TRUE	TRUE	TRUE	FALSE	FALSE	FALSE
Unknown_Bacteroides	0.110367401727072	-0.286729250079025	0.112101658484421	0.12897609592577	0.173723092784233	0.177394497413847	0.855719821063528	-1.6504958867797	0.631934248912449	0.393508583273995	0.100920013071482	0.528385436197811	1	1	1	FALSE	FALSE	FALSE	TRUE	TRUE	TRUE	FALSE	FALSE	FALSE
Unknown_Bifidobacterium	-0.0135055865363845	0.382283679825168	-0.530484343258151	0.16978746823992	0.201900073481875	0.205122633450547	-0.0795440716349002	1.89343011734706	-2.58618141905849	0.936736941449978	0.060791955820722	0.0109415580617585	1	1	1	FALSE	FALSE	FALSE	TRUE	TRUE	TRUE	FALSE	FALSE	FALSE
Unknown_Blautia	0.0544833237559484	-0.0561992990218074	-0.0780486677393624	0.113832876924577	0.150055840971232	0.151759617758481	0.478625553776066	-0.374522568785454	-0.514291409613151	0.632883865922178	0.708530783106137	0.607785503446669	1	1	1	FALSE	FALSE	FALSE	TRUE	TRUE	TRUE	FALSE	FALSE	FALSE
Butyricicoccus	0.028584069278933	0.14241092788372	-0.298212962803646	0.109439841310814	0.143092897810547	0.151460005773402	0.261185222278904	0.99523407564413	-1.9689221671482	0.794382973229864	0.321560578731044	0.0511923690545942	1	1	1	FALSE	FALSE	FALSE	TRUE	TRUE	TRUE	FALSE	FALSE	FALSE
Unknown_Butyricimonas	-0.155233110657715	-0.0631678413666747	0.535548357045009	0.0665148710146609	0.102056906963209	0.117132859488908	-2.33381059437821	-0.618947244692086	4.57214448090652	0.0313986649256687	0.543705747836843	0.000236292479365695	1	1	0.0321357771937345	FALSE	FALSE	TRUE	TRUE	TRUE	FALSE	FALSE	FALSE	FALSE
CAG-352	0.412463049715686	-0.530759615552706	0.0216240193897099	0.0817626965448059	0.125176771265662	0.139332831995205	5.04463608889974	-4.24008072892596	0.155196869826446	2.70136227737577e-05	0.000233868198461539	0.877820539522806	0.00361982545168354	0.0306367339984616	1	TRUE	TRUE	FALSE	FALSE	FALSE	TRUE	FALSE	FALSE	FALSE
CAG-56	0.0451039006907457	-0.156730838803298	0.089267799943142	0.0814434823207195	0.117345573727443	0.12764378856151	0.553806141455607	-1.33563485885999	0.699350912011868	0.581916206331506	0.187071943748867	0.487227558923238	1	1	1	FALSE	FALSE	FALSE	TRUE	TRUE	TRUE	FALSE	FALSE	FALSE
Christensenellaceae R-7 group	0.151002955538264	0.0473078468264314	-0.328606177388805	0.187384051783443	0.236093853282195	0.239834554381272	0.805847424586464	0.200377291355764	-1.37013691891291	0.421965643449213	0.841533404882423	0.173267575168575	1	1	1	FALSE	FALSE	FALSE	TRUE	TRUE	TRUE	FALSE	FALSE	FALSE
Clostridium sensu stricto 1	0.420785404491201	-0.553725662139533	-0.30895037026222	0.16845904534683	0.203447123868933	0.204928784215852	2.49784986982961	-2.72171781841586	-1.5075987077384	0.0143542709878433	0.0078280419688402	0.135238994434988	1	0.868912658541262	1	FALSE	FALSE	FALSE	TRUE	TRUE	TRUE	FALSE	FALSE	FALSE
Unknown_Colidextribacter	-0.437132016054499	0.397096063664189	0.378662543721059	0.0797669251591825	0.112848748449847	0.126001825402616	-5.48011616571857	3.51883444981818	3.00521474598571	2.07408430646296e-06	0.00103808401175428	0.00441551664232032	0.000286223634291889	0.127684333445776	0.538693030363079	TRUE	FALSE	FALSE	FALSE	TRUE	TRUE	FALSE	FALSE	FALSE
Unknown_Coprococcus	0.0723647833669954	0.162550697954905	-0.120177353870742	0.0834822339600118	0.124782148517842	0.136823485909915	0.866828544641706	1.30267590264855	-0.878338635151179	0.390261006268306	0.19877469643373	0.38404674581982	1	1	1	FALSE	FALSE	FALSE	TRUE	TRUE	TRUE	FALSE	FALSE	FALSE
Desulfovibrio	0.39394031955838	-0.424267708077623	-0.157812516918928	0.0866517580510998	0.116511178729759	0.126336801873188	4.54624728243906	-3.6414334890705	-1.24914129991461	0.000120803306312001	0.00123637654685566	0.2231832654113	0.0157044298205601	0.15083793871639	1	TRUE	FALSE	FALSE	FALSE	TRUE	TRUE	FALSE	FALSE	FALSE
Unknown_Dialister	-0.0635513274822599	0.0515208981627277	0.077646458795847	0.104245258888211	0.16459063205897	0.177284510195155	-0.609632784838782	0.313024486984586	0.437976553678455	0.54517119289218	0.755708265383573	0.663498501744729	1	1	1	FALSE	FALSE	FALSE	TRUE	TRUE	TRUE	FALSE	FALSE	FALSE
Unknown_Dorea	0.0441124739062722	-0.202026873405363	-0.0318905471545892	0.11093739797868	0.127247751079619	0.129297099557623	0.397633933281452	-1.58766557122848	-0.246645495248537	0.693915374939328	0.123591856105942	0.806981950684662	1	1	1	FALSE	FALSE	FALSE	TRUE	TRUE	TRUE	FALSE	FALSE	FALSE
DTU089	-0.084848083580638	-0.0396440322574414	-0.0514720615274551	0.067605423796223	0.101203004624439	0.113735352587876	-1.25504846824699	-0.391727818799047	-0.452559915244348	0.228663012667362	0.700768273593895	0.657342163800876	1	1	1	FALSE	FALSE	FALSE	TRUE	TRUE	TRUE	FALSE	FALSE	FALSE
Unknown_Erysipelotrichaceae UCG-003	-0.288706202811077	0.503478634769836	-0.00523962544620464	0.0698541733989105	0.111098247042049	0.125232304707174	-4.13298431236723	4.53183239317249	-0.0418392479357164	0.000330250725174191	0.000115667603262717	0.966946497324375	0.0422720928222965	0.015499458837204	1	TRUE	TRUE	FALSE	FALSE	FALSE	TRUE	FALSE	FALSE	FALSE
Escherichia-Shigella	-0.148065419922692	0.0446265463606935	0.202535754401091	0.171905641758904	0.22377589860934	0.236594562987003	-0.861317978908172	0.19942516883197	0.856045683569732	0.391514959154817	0.842412129956814	0.394407888801268	1	1	1	FALSE	FALSE	FALSE	TRUE	TRUE	TRUE	FALSE	FALSE	FALSE
Unknown_Faecalibacterium	0.107537454034431	0.0898216333788377	-0.382345605663772	0.126767361321287	0.165909703955323	0.169948071005877	0.848305533171759	0.541388666470198	-2.2497790260329	0.397685566377234	0.589082175492017	0.025990093295034	1	1	1	FALSE	FALSE	FALSE	TRUE	TRUE	TRUE	FALSE	FALSE	FALSE
Family XIII AD3011 group	-0.0523426247765284	0.112939624330765	0.0527699544020766	0.0750936555962796	0.103132988624238	0.116086800200364	-0.697031251986642	1.0950872832965	0.454573253039935	0.495787000810791	0.289689769438372	0.65552282068874	1	1	1	FALSE	FALSE	FALSE	TRUE	TRUE	TRUE	FALSE	FALSE	FALSE
Family XIII UCG-001	-0.0487406750161393	0.219387202734812	-0.185683540341209	0.0840599233813959	0.115210082677649	0.123824861560283	-0.579832493957835	1.90423613659444	-1.49956590301384	0.564095547734515	0.0614481530491654	0.138721725773862	1	1	1	FALSE	FALSE	FALSE	TRUE	TRUE	TRUE	FALSE	FALSE	FALSE
Haemophilus	0.38116768303429	-0.730255205873401	0.103835658726075	0.0715266572688983	0.117953977139367	0.129271797140613	5.3290297294521	-6.19101808674564	0.803235206927073	3.83281448933346e-05	5.99989278917463e-06	0.43177312672797	0.0050976432708135	0.000833985097695274	1	TRUE	TRUE	FALSE	FALSE	FALSE	TRUE	FALSE	FALSE	FALSE
Unknown_Holdemanella	0.197826747722888	0.233403911596777	-0.573069177360026	0.0800936694876291	0.122401966134875	0.133976074771759	2.46994236858437	1.90686407226162	-4.27739936653842	0.0194229426587989	0.0661552207856861	0.000177259543914477	1	1	0.0242845575162833	FALSE	FALSE	TRUE	TRUE	TRUE	FALSE	FALSE	FALSE	FALSE
Howardella	0.408018056039958	-0.309159891850347	-0.376873818392456	0.0601494562194933	0.0953472650424102	0.110345506317644	6.78340390229042	-3.2424620854393	-3.41539797105624	6.16397273724258e-06	0.00546709726281863	0.00383468696468862	0.000844464265002234	0.612314893435687	0.475501183621388	TRUE	FALSE	FALSE	FALSE	TRUE	TRUE	FALSE	FALSE	FALSE
Incertae Sedis	-0.191540843421179	0.35844850231051	-0.0531435369492909	0.135010102310147	0.17179469899835	0.1750645434203	-1.41871489720946	2.08649338076463	-0.3035653931459	0.158303856427695	0.0388293480868383	0.761929847315659	1	1	1	FALSE	FALSE	FALSE	TRUE	TRUE	TRUE	FALSE	FALSE	FALSE
Intestinimonas	0.143693887651991	-0.16623931636064	-0.0574118875058016	0.0933731452698714	0.116048208251847	0.120777557277883	1.53892093103086	-1.43250222355754	-0.475352282326005	0.129887124112549	0.157984622253191	0.636526644459642	1	1	1	FALSE	FALSE	FALSE	TRUE	TRUE	TRUE	FALSE	FALSE	FALSE
Unknown_Lachnoclostridium	-0.0467064368689026	-0.0294332445150299	0.128621008187221	0.141075315512235	0.185127541354192	0.192118675567685	-0.331074481026782	-0.158989009953507	0.669487272942951	0.741097788998715	0.873913390515165	0.504319704862793	1	1	1	FALSE	FALSE	FALSE	TRUE	TRUE	TRUE	FALSE	FALSE	FALSE
Unknown_Lachnospira	0.107695765061758	-0.149647204330757	-0.0138596786076331	0.0867026022500848	0.121356211249638	0.131052790299824	1.24212840522503	-1.23312356895291	-0.105756455668931	0.220484800403539	0.223794229724103	0.916235427998661	1	1	1	FALSE	FALSE	FALSE	TRUE	TRUE	TRUE	FALSE	FALSE	FALSE
Lachnospiraceae AC2044 group	-0.0134501678009325	0.0435569202540558	0.134296964855626	0.0671482802925139	0.108160774217313	0.124058112821439	-0.200305469363331	0.402705329813403	1.08253270827135	0.843081780640582	0.691051440729966	0.290738881531113	1	1	1	FALSE	FALSE	FALSE	TRUE	TRUE	TRUE	FALSE	FALSE	FALSE
Unknown_Lachnospiraceae FCS020 group	-0.222395745927716	0.171553898154203	0.210885932353235	0.0738450580078044	0.104771795144537	0.117115911322962	-3.01165375080634	1.63740535243801	1.80065996132404	0.00425202944261484	0.108520929888485	0.0784608686844552	0.488983385900707	1	1	FALSE	FALSE	FALSE	TRUE	TRUE	TRUE	FALSE	FALSE	FALSE
Lachnospiraceae ND3007 group	0.148337612997293	-0.143434896526565	-0.0829399796656177	0.112606341557461	0.14196323581646	0.145519556148742	1.31731136049384	-1.01036649173035	-0.569957618485594	0.190399149630429	0.314478325238463	0.569837881059759	1	1	1	FALSE	FALSE	FALSE	TRUE	TRUE	TRUE	FALSE	FALSE	FALSE
Unknown_Lachnospiraceae NK4A136 group	-0.0208511398440151	0.233448115242164	-0.151637013250864	0.133009600183424	0.163338036009128	0.165794526625321	-0.156764172024131	1.42923302462825	-0.914608077464152	0.875743648895368	0.156022981897934	0.362575779917278	1	1	1	FALSE	FALSE	FALSE	TRUE	TRUE	TRUE	FALSE	FALSE	FALSE
Lachnospiraceae UCG-001	0.146435831547895	0.0954490036625181	-0.365723874294814	0.0845654659725124	0.108999514019364	0.116205572066634	1.73162685103034	0.875682836948811	-3.14721461106103	0.091244466454028	0.3865640925795	0.00315415933540322	1	1	0.397424076260805	FALSE	FALSE	FALSE	TRUE	TRUE	TRUE	FALSE	FALSE	FALSE
Lachnospiraceae UCG-004	-0.0553302808373033	0.421744766205258	-0.363381975207444	0.0816964679703315	0.109161412380399	0.117649252744531	-0.677266498931102	3.86349678891645	-3.08868919037257	0.500756289954414	0.000269831388235219	0.00300707734879017	1	0.0348082490823432	0.381898823296351	FALSE	TRUE	FALSE	TRUE	FALSE	TRUE	FALSE	FALSE	FALSE
Lachnospiraceae UCG-010	0.103244999322739	0.11135327164979	-0.299044267161224	0.081314544359331	0.116539453655573	0.126521397139288	1.26969904506255	0.955498487052197	-2.36358650728465	0.208936915269527	0.34303651431384	0.0212476307445386	1	1	1	FALSE	FALSE	FALSE	TRUE	TRUE	TRUE	FALSE	FALSE	FALSE
Marvinbryantia	-0.07576991397424	-0.110601629100039	0.284494347485998	0.0782694076029971	0.110463212612672	0.122661105995419	-0.968065509816617	-1.00125305505872	2.31935253785028	0.340504167439578	0.324456351831709	0.0271351691958947	1	1	1	FALSE	FALSE	FALSE	TRUE	TRUE	TRUE	FALSE	FALSE	FALSE
Unknown_Megamonas	-0.786226499552781	0.621736890545324	0.882352346064617	0.0812850899297791	0.126083993394947	0.143305959846881	-9.67245653824076	4.93113260299259	6.15712247423196	1.40886182328008e-07	0.000221079380833487	2.4885309419939e-05	1.95831793435931e-05	0.0291824782700203	0.00348394331879146	TRUE	TRUE	TRUE	FALSE	FALSE	FALSE	FALSE	FALSE	FALSE
Methanobrevibacter	0.185551255140563	-0.53508521259811	0.450352408032775	0.100792170467061	0.130201839500423	0.138407280646094	1.84092925353962	-4.10965939230354	3.25382021762511	0.0798054299729614	0.000499903809960084	0.0037974720204611	1	0.0634877838649307	0.474684002557637	FALSE	FALSE	FALSE	TRUE	TRUE	TRUE	FALSE	FALSE	FALSE
Unknown_Monoglobus	0.0685204636210806	0.0807650724283705	-0.301779827034114	0.136434681581138	0.180040473846967	0.182268189906388	0.502221743232724	0.448593978357445	-1.65569113946381	0.616311970259986	0.654428162765729	0.100056667204132	1	1	1	FALSE	FALSE	FALSE	TRUE	TRUE	TRUE	FALSE	FALSE	FALSE
Unknown_Negativibacillus	-0.481161337260205	0.620503731457001	0.214104526945379	0.0691564041669513	0.10668396666361	0.119974010334001	-6.95758177505337	5.81627915480065	1.78459089888988	9.95037955784184e-08	2.33250243106546e-06	0.0844447680356817	1.39305313809786e-05	0.000326550340349164	1	TRUE	TRUE	FALSE	FALSE	FALSE	TRUE	FALSE	FALSE	FALSE
NK4A214 group	-0.192893505008115	0.308594161743242	0.187725333843186	0.13759674952106	0.168827763357543	0.170736217699481	-1.40187544894433	1.82786382764369	1.09950505155039	0.16439193294099	0.0708833840727581	0.274480250059801	1	1	1	FALSE	FALSE	FALSE	TRUE	TRUE	TRUE	FALSE	FALSE	FALSE
Oscillibacter	-0.276516171513876	0.295462968427316	0.181700421754024	0.0868491917941004	0.127369998699956	0.139190696849471	-3.18386580003453	2.31972184535649	1.305406365991	0.00228879613478933	0.0237190324207213	0.196656863038216	0.267789147770352	1	1	FALSE	FALSE	FALSE	TRUE	TRUE	TRUE	FALSE	FALSE	FALSE
Unknown_Parabacteroides	-0.0649112818311467	-0.212943612090566	0.408533446988622	0.102816045605839	0.140988846479067	0.146044815155663	-0.631334160428558	-1.51035785743649	2.79731564967359	0.529970119936941	0.135654219150361	0.00672029429773393	1	1	0.792994727132604	FALSE	FALSE	FALSE	TRUE	TRUE	TRUE	FALSE	FALSE	FALSE
Paraprevotella	-0.0682049755526552	0.0691133158281608	0.187214474382341	0.0788780760000173	0.110363513028523	0.123912820318316	-0.864688631003629	0.626233380322887	1.51085637387165	0.396540480556029	0.537605877330928	0.145056237667984	1	1	1	FALSE	FALSE	FALSE	TRUE	TRUE	TRUE	FALSE	FALSE	FALSE
Unknown_Parasutterella	0.0687251081712539	-0.0517689003146504	-0.453824333420144	0.115440709064266	0.149794161918513	0.152084595176916	0.595328188195677	-0.345600253385125	-2.98402565290864	0.554896115619791	0.731410171122726	0.00477702675409909	1	1	0.573243210491891	FALSE	FALSE	FALSE	TRUE	TRUE	TRUE	FALSE	FALSE	FALSE
Unknown_Phascolarctobacterium	0.379133020182993	0.139142637843093	-0.928054875923916	0.0901007041085139	0.124958048190528	0.130594791804603	4.20788077001462	1.11351481443546	-7.10636973419642	0.000395246979452166	0.278070945269913	5.20803402258522e-07	0.050196366390425	1	7.34332797184516e-05	FALSE	FALSE	TRUE	TRUE	TRUE	FALSE	FALSE	FALSE	FALSE
Unknown_Prevotella_9	0.296844422125947	0.130179577796683	-0.582061945606158	0.103733612357513	0.152844751949049	0.168592678104745	2.86160305593992	0.851711139156931	-3.4524746397618	0.00660735015406786	0.399322000287247	0.0013023777261997	0.746630567409668	1	0.16930910440596	FALSE	FALSE	FALSE	TRUE	TRUE	TRUE	FALSE	FALSE	FALSE
Romboutsia	0.402759269427843	-0.572092540899284	-0.190284993698655	0.143664573333613	0.1834417174593	0.183937117179226	2.80346963821462	-3.1186610593428	-1.03451112324025	0.00595189350712322	0.0023051639020797	0.303106168839086	0.678515859812047	0.274314504347484	1	FALSE	FALSE	FALSE	TRUE	TRUE	TRUE	FALSE	FALSE	FALSE
Unknown_Roseburia	0.11826251624466	-0.194763131245302	0.0754954357462823	0.112076095246529	0.145407581779021	0.149423658583232	1.05519839877114	-1.33942899580909	0.505244192667319	0.293929072256629	0.183529147355938	0.614521735150391	1	1	1	FALSE	FALSE	FALSE	TRUE	TRUE	TRUE	FALSE	FALSE	FALSE
Unknown_Ruminococcus	-0.0223249942549707	0.0877225559011495	0.0337695343783579	0.0953751931901442	0.137544280797802	0.144613633203939	-0.234075481351452	0.637776833702788	0.233515565788565	0.815650964293306	0.525825534591985	0.816083850160972	1	1	1	FALSE	FALSE	FALSE	TRUE	TRUE	TRUE	FALSE	FALSE	FALSE
Senegalimassilia	0.247886383894972	-0.076146590343185	-0.268975719000553	0.0617417980735717	0.0986869121505215	0.114585326738773	4.01488767138899	-0.771597658532906	-2.34738361931587	0.00058164695090542	0.448561902873355	0.0283124128162012	0.0727058688631776	1	1	FALSE	FALSE	FALSE	TRUE	TRUE	TRUE	FALSE	FALSE	FALSE
Unknown_Streptococcus	0.194293701402968	-0.286336170277437	-0.141595893154609	0.206223420817094	0.236233555687282	0.221074256222079	0.942151481306738	-1.21208932170703	-0.640490193540985	0.347961882572769	0.227801372092119	0.523045383120542	1	1	1	FALSE	FALSE	FALSE	TRUE	TRUE	TRUE	FALSE	FALSE	FALSE
Subdoligranulum	0.0154249175570294	-0.0315048201514396	0.0551136775517037	0.137523897438393	0.166848450503075	0.170470373859317	0.112161724939038	-0.18882297112408	0.323303553010255	0.910852466304779	0.850499285971982	0.746937663068346	1	1	1	FALSE	FALSE	FALSE	TRUE	TRUE	TRUE	FALSE	FALSE	FALSE
Terrisporobacter	0.149621778256123	-0.202626738150379	-0.2627563100955	0.0833098686015155	0.114638529083331	0.123812941314807	1.79596704169332	-1.76752737295757	-2.12220392557685	0.0851010560581042	0.0898540516054204	0.0443360677582616	1	1	1	FALSE	FALSE	FALSE	TRUE	TRUE	TRUE	FALSE	FALSE	FALSE
Tuzzerella	0.141732615703139	-0.483962174713729	-0.0531251739561413	0.0708582181350152	0.101291232549009	0.11251454029375	2.00022833530866	-4.77792759091531	-0.472162742854776	0.0668130333605338	0.000360854073435135	0.644638151136325	1	0.0461893213996973	1	FALSE	TRUE	FALSE	TRUE	FALSE	TRUE	FALSE	FALSE	FALSE
Tyzzerella	-0.510953004977382	0.410968689092182	0.556163024101809	0.104743263228208	0.136467682114823	0.141265349823633	-4.87814671063043	3.01147262651091	3.93700949876363	1.50721711422039e-05	0.00434123654277193	0.000297270991605791	0.00204981527533973	0.494900965876	0.0401315838667818	TRUE	FALSE	TRUE	FALSE	TRUE	FALSE	FALSE	FALSE	FALSE
UBA1819	-0.135162521482338	0.0959711038856813	0.100578710905572	0.085347455085237	0.126032519103846	0.134792104683188	-1.58367371759767	0.761478899002288	0.746176574228662	0.117775854971315	0.448928949242579	0.45805939399781	1	1	1	FALSE	FALSE	FALSE	TRUE	TRUE	TRUE	FALSE	FALSE	FALSE
UCG-002	-0.104540030447509	0.100455957659463	0.228785235045892	0.178306004102133	0.214997868228585	0.216626194529005	-0.58629562685746	0.467241645171379	1.0561291331518	0.558742620065807	0.6411470181042	0.292962532377761	1	1	1	FALSE	FALSE	FALSE	TRUE	TRUE	TRUE	FALSE	FALSE	FALSE
UCG-003	0.0909118553165297	0.0747326723902126	-0.125007965371752	0.0903820790071141	0.131735520999681	0.140756692295644	1.00586151939893	0.567293254113243	-0.888113831981687	0.318101159023287	0.572410883265308	0.37765680887911	1	1	1	FALSE	FALSE	FALSE	TRUE	TRUE	TRUE	FALSE	FALSE	FALSE
UCG-005	-0.223648825896629	0.213951014697553	0.542951393808103	0.119238839061432	0.144759908876158	0.144230911147474	-1.87563739849401	1.4779714657087	3.76445929300788	0.0647037900212208	0.143717218430998	0.000334939884880588	1	1	0.0445470046891182	FALSE	FALSE	TRUE	TRUE	TRUE	FALSE	FALSE	FALSE	FALSE
Unknown	-0.00684206057340789	-0.00305428068170724	0.03681149584618	0.176977854197192	0.213009097433616	0.21664537255844	-0.0386605465663762	-0.0143387335024932	0.169915911018363	0.96921312942915	0.988579048888379	0.865308309906976	1	1	1	FALSE	FALSE	FALSE	TRUE	TRUE	TRUE	FALSE	FALSE	FALSE
Unknown_Veillonella	0.000410947311350185	0.050064493252872	-0.224252159355379	0.0763436508543344	0.104082493640345	0.114106089315808	0.00538286166238346	0.481007818912074	-1.96529528529124	0.995781069905836	0.637941598490189	0.069539780664708	1	1	1	FALSE	FALSE	FALSE	TRUE	TRUE	TRUE	FALSE	FALSE	FALSE
virosa_Butyricimonas	-0.17879761949821	0.468545983714818	0.0738604315453447	0.0675708382468293	0.100813187047845	0.113732902257846	-2.64607668244518	4.64766562228067	0.649420089341377	0.0164244717498037	0.000200153069210237	0.524268105484174	1	0.0266203582049615	1	FALSE	TRUE	FALSE	TRUE	FALSE	TRUE	FALSE	FALSE	FALSE
vulgatus_Bacteroides	0.246645859748639	-0.340299566764293	-0.0608994008334804	0.157140632199681	0.189776185562137	0.186987358215198	1.5695867853912	-1.79316264449245	-0.325687262576292	0.118923590678435	0.0752541962786858	0.745180625853994	1	1	1	FALSE	FALSE	FALSE	TRUE	TRUE	TRUE	FALSE	FALSE	FALSE
wadsworthensis_Sutterella	-0.0663969746708715	0.420093274135375	-0.221188644346564	0.087255998592269	0.133574927753734	0.144059224364878	-0.760944528079178	3.14500094591015	-1.53540077229855	0.450412393832752	0.00284917190400723	0.131251349375666	1	0.333353112768846	1	FALSE	FALSE	FALSE	TRUE	TRUE	TRUE	FALSE	FALSE	FALSE
Bilophila	-0.0830639264629334	0.104146520125152	0.0534900467029264	0.0804766957234431	0.117740644561133	0.129809947444246	-1.03214881918588	0.884541786851503	0.412064312142956	0.306439540650291	0.38018596021228	0.681865404237026	1	1	1	FALSE	FALSE	FALSE	TRUE	TRUE	TRUE	FALSE	FALSE	FALSE
